user_name,text,user_location,user_description,user_created,user_followers,user_friends,user_favourites,user_verified,date,hashtags,source,is_spam,preprocessed_text,label_vader,label_textblob,label_roberta,label_human
Rifka Lightwala,"Chatgpt is giving nostalgia to the gen-x to the the time when google was launched and gen-z can‚Äôt just get over itüòÇ

#ChatGPT #elonmusk #Revolution",,,2021-05-29 18:16:28+00:00,2.0,57.0,10,False,2022-12-09 11:20:40+00:00,,Twitter for iPhone,not_spam,chatgpt give nostalgia time googl launch get chatgpt elonmusk revolut,0,0,1,1
Rolf Drechsler,This AI #chatbot is dominating #socialmedia with its frighteningly good essays  https://t.co/s9DwwQsbjy #OpenAI #ChatGPT #MachineLearning #DeepLearning #ArtificialIntelligence,"Bremen, Germany","Professor for Computer Architecture (@agra_uni_bremen) at @UniBremen. Dean. Director at @DFKI, Head of the Cyber-Physical Systems Group, @noerdman, @noerd_man",2011-11-20 20:52:14+00:00,1489.0,65.0,3271,False,2022-12-06 08:37:11+00:00,"['chatbot', 'socialmedia', 'OpenAI']",Twitter Web App,not_spam,ai chatbot domin socialmedia frighteningli good essay openai chatgpt machinelearn deeplearn artificialintellig,1,1,1,1
M Kiran Kumar,"Dec ""4""...Truth brings reconciliation üòâ
#Dictionary #ChatGPT 
@elonmusk https://t.co/H8L73L4U8f","Karimnagar, India","I am a lifelong learner
https://t.co/a7aIOfJiIi",2016-10-15 10:37:37+00:00,135.0,257.0,25272,False,2022-12-09 05:44:18+00:00,"['Dictionary', 'ChatGPT']",Twitter Web App,not_spam,dec 4 truth bring reconcili dictionari chatgpt elonmusk,1,0,1,0
Sam D.,"Here is an article about the Future of #NFTs w #chatgpt

It smells like #WEB4

https://t.co/u5aTNeZu70",Amsterdam/Netherlands,CEO @ginoa_io,2022-09-14 14:44:42+00:00,107.0,275.0,38,False,2022-12-07 10:28:10+00:00,"['NFTs', 'chatgpt', 'WEB4']",Twitter Web App,not_spam,articl futur nft w chatgpt smell like web4,1,0,1,0
Orrin Ward,It's the end of the year review season at work. Multiple times today I've seen #ChatGPT be unavailable due to high load... I don't think this is a coincidence.,London,"DesignOps @Checkout. Formerly Delivery/Product/Agile Coaching @Zopa, @appsforgoodcdi, @leemailme and @absoluteradio. I'm very silly.",2008-09-18 10:03:58+00:00,236.0,445.0,431,False,2022-12-19 17:11:41+00:00,['ChatGPT'],Twitter Web App,not_spam,end year review season work multipl time today seen chatgpt unavail due high load think coincid,0,0,-1,0
Weird ChatGPT,Full stack cavemen CV chatGPT via /r/weirdGPT #chatGPT https://t.co/Ylx3IT70pA,,Weird and creative ChatGPT / GPT-3 generations,2011-07-31 18:35:03+00:00,595.0,173.0,227,False,2022-12-07 03:21:07+00:00,['chatGPT'],Buffer,not_spam,full stack cavemen cv chatgpt via chatgpt,0,1,0,0
Abdullah Al Zubaer,"Me: What do you think Holden would like the world to be?

chatGPT: Overall, it is likely that Holden would want the world to be a kinder and more genuine place, where people are able to be themselves and support one another.

#chatGPT","Passau, Germany",,2015-06-08 16:12:02+00:00,3.0,5.0,16,False,2022-12-09 15:30:10+00:00,,Twitter Web App,not_spam,think holden would like world chatgpt overal like holden would want world kinder genuin place peopl abl support one anoth chatgpt,1,0,0,1
Tommi Raivisto,"Chatbots like #chatgpt mark the beginning of the end for the search user interface, that has remained unchanged since 1994. It will impact revenue streams which must be a huge deal, for example, for Google with 4.3 billion users and $209 billion a year in advertising 1/4","Helsinki, Suomi","Product and digital guy at work, wanna-be trail runner, artist and race driver at home. The views are my own.",2009-04-16 15:06:40+00:00,125.0,146.0,415,False,2022-12-11 10:34:21+00:00,['chatgpt'],Twitter Web App,not_spam,chatbot like chatgpt mark begin end search user interfac remain unchang sinc 1994 impact revenu stream must huge deal exampl googl billion user 209 billion year advertis,1,1,0,1
Lance Pierson,"#100DaysOfCode Day 44 (12.7.22)

Experiencing ‚ÄúTutorial Hell‚Äù with getting Postfix to work on the ArchiveNinja server. No success yet, nothing is complete or straight forward. I wasted my whole day on it. #ChatGPT crashed so I did not get to use it. Tomorrow is a brand new day!","California, USA","Network Technician by day, Web Developer by night.",2022-05-14 13:40:48+00:00,37.0,84.0,783,False,2022-12-08 15:29:59+00:00,['100DaysOfCode'],Twitter Web App,not_spam,100daysofcod day 44 experienc tutori hell get postfix work archiveninja server success yet noth complet straight forward wast whole day chatgpt crash get use tomorrow brand new day,-1,1,-1,-1
Halil Emre Yildiz,"#ChatGPT found the answer on the third try, even though I had already told it the answer. https://t.co/hKCVY23D5Z",,Works at @JahnStarGames üî¥‚ö™,2015-12-31 18:53:57+00:00,4.0,50.0,606,False,2022-12-10 22:19:53+00:00,['ChatGPT'],Twitter Web App,not_spam,chatgpt found answer third tri even though alreadi told answer,0,0,0,0
curiousnewton,AI is lit 4 real ‚Å¶@elonmusk‚Å© #chatgpt üòÇüòÇ https://t.co/n0GL4Ozpju,,to the moon,2018-03-19 15:22:40+00:00,232.0,212.0,15519,False,2022-12-07 01:06:24+00:00,['chatgpt'],Twitter for iPhone,not_spam,ai lit 4 real chatgpt,0,1,1,1
Bhupendraüå±üåê,"@P2ELabs @PiscesBaishui It's very good project
@saroj277
@CypherRusher
@NFTJITEL

#P2ELabs #Airdrop #ChatGPT",Gujarat India,"@Carbonable_io

#investor
Strong community's good team !!
Strong community's good team !!!",2020-08-19 06:14:40+00:00,291.0,2588.0,4798,False,2022-12-19 13:50:28+00:00,"['P2ELabs', 'Airdrop', 'ChatGPT']",Twitter for Android,not_spam,p2elab piscesbaishui good project saroj277 cypherrush nftjitel p2elab airdrop chatgpt,1,1,1,1
Tim,"#ChatGPT what does it mean to be love?

 ""be love"" means to make love the guiding principle in one's thoughts, words, and actions, and to strive to live in a way that reflects the love and compassion that we all possess within us.

Very nicely said!",,"God, Family, Country, Human Dignity: BE Love in all of these. Forgive yourself & everyone around you. Serve your fellowman. Create and Shine Light #LDS",2022-04-02 16:44:22+00:00,18.0,151.0,230,False,2022-12-09 22:28:35+00:00,['ChatGPT'],Twitter Web App,not_spam,chatgpt mean love love mean make love guid principl one thought word action strive live way reflect love compass possess within us nice said,1,1,1,1
Jonathan Rung,"Tired of ""politics as usual"", you say? @Fwd_Party #ChatGPT https://t.co/wsfEgeE6JX","Rochester, NY",I don't care about money. Except when I don't have any; then it becomes a pressing concern.,2009-03-24 19:00:41+00:00,30.0,118.0,115,False,2022-12-09 20:33:52+00:00,['ChatGPT'],Twitter Web App,not_spam,tire polit usual say chatgpt,0,-1,-1,0
Marc Strassman,"You can read the film treatment for #TheAssistant, written in seconds (after a delay caused by an extreme number of users) by #ChatGPT, at:  https://t.co/gL1EdPTi5u",Los Angeles,"online video reporter who covers climate change, politics, business, technology, and culture on Etopia News at https://t.co/dFsH8WRdzh",2008-11-21 18:27:22+00:00,1417.0,5003.0,5712,False,2022-12-08 00:04:22+00:00,['TheAssistant'],Twitter for iPhone,not_spam,read film treatment theassist written second delay caus extrem number user chatgpt,-1,0,0,0
JR,@gobblepeen Gobblepeen and the grumpls are taking over @OpenAI #ChatGPT to prevent Goblins from writing their own fate. They will not be victorious! https://t.co/OMWEwuU2cw,United States,Henchman of the Mutant Cartel - https://t.co/Z0YNCsi0rf,2022-04-05 14:50:35+00:00,1438.0,1323.0,1672,False,2022-12-12 15:19:58+00:00,['ChatGPT'],Twitter for iPhone,not_spam,gobblepeen gobblepeen grumpl take openai chatgpt prevent goblin write fate victori,0,0,-1,-1
John Harbour (he/him),"Another collaborations with @ChatGPT -- Hemingway and Elmer Fudd at a Bullfight in Spain @medium #ChatGPT #Writing #WritingCommunity 

https://t.co/YX5GdJTyzd","New York, New York","Writer, Traveler, Epicure. I travel, cook, and when possible, coax words from pen to page. Part of the Mastodon migration.",2012-01-02 14:39:49+00:00,1387.0,1990.0,8137,False,2022-12-08 15:09:51+00:00,"['ChatGPT', 'Writing']",Twitter Web App,not_spam,anoth collabor chatgpt hemingway elmer fudd bullfight spain medium chatgpt write writingcommun,0,0,0,0
Aniket Kumar Sinha (He/Him),#ChatGPT is much better than Google search!,India,Cloud Consultant @rapidcircle | Gold - @Microsoft LSA | Speaker at MSFT Student Summit & @MSFTReactor | @MSFTImagine'23 Mentor | Organizer #MLSAmeetups,2018-09-24 15:12:53+00:00,397.0,1071.0,4623,False,2022-12-19 10:59:49+00:00,['ChatGPT'],Twitter for Android,not_spam,chatgpt much better googl search,1,1,1,1
Œû Lord Skull Crypto Œû,"After $OPENAI the next 10x coin is ready in our DEX VIP CHANNEL ... it's going to be a fun 

#openai #chatgpt3 #chatgpt https://t.co/RSVRMacljw",united states,"Primary Account @skullcrypto1
TG: https://t.co/1UapHGpFUR",2022-11-20 20:11:09+00:00,58.0,48.0,54,False,2022-12-08 13:13:35+00:00,"['openai', 'chatgpt3']",Twitter Web App,not_spam,openai next 10x coin readi dex vip channel go fun openai chatgpt3 chatgpt,1,1,1,1
ALAMERI,"Bye bye @Google. I prefer @OpenAI 
#ChatGPT. University student https://t.co/8wzxAubl2r",,Tech,2022-02-14 10:22:02+00:00,1.0,11.0,5,False,2022-12-06 14:36:31+00:00,['ChatGPT'],Twitter for iPhone,not_spam,bye bye googl prefer openai chatgpt univers student,0,0,0,1
kebman,"@elonmusk @StationCDRKelly #ChatGPT disagrees with you, @elonmusk: ‚ÄúWhen it comes to pronouns, the most important thing is to use the pronouns that a person uses for themselves. If you don't know a person's pronouns, the best thing to do is to ask them. It's respectful to ask and use preferred pronouns.‚Äù","Oslo, Norway",1EPgd3BdXtfotC6oeqKWDEHuYrisW6wBsy,2008-04-02 23:04:10+00:00,343.0,332.0,19325,False,2022-12-12 07:03:30+00:00,['ChatGPT'],Twitter Web App,not_spam,elonmusk stationcdrkelli chatgpt disagre elonmusk come pronoun import thing use pronoun person use know person pronoun best thing ask respect ask use prefer pronoun,1,1,0,0
Hitesh S,"Tech like #ChatGPT may accelerate global population collapse, as we all might start dating AIs instead.

Going by social media and other published research, long term male-female relationships are deteriorating in developed societies at a scary rate.

It‚Äôs a sad state of affairs.","Delhi NCR, India","Tweets about tech, investing, and whatever else tickles my curiosity. Tech stock blog under ‚ÄúThe Abstract Investor‚Äù on Seeking Alpha;",2020-12-09 17:04:07+00:00,38.0,183.0,920,False,2022-12-09 07:54:07+00:00,['ChatGPT'],Twitter for iPhone,not_spam,tech like chatgpt may acceler global popul collaps might start date ai instead go social media publish research long term relationship deterior develop societi scari rate sad state affair,-1,-1,-1,-1
khalil ur Rehman ü¶ã,"My entire Twitter's feed is filled with wonders of OpenAI ChatGPT Chatbot, whereas my Facebook feed is filled with ""Lahore da pava, akhtar lava"".
#chatGPT",Mars,"lets Talk about AI, Technology, medicine, politics and Video Games",2017-05-28 10:23:38+00:00,99.0,469.0,3389,False,2022-12-08 22:19:35+00:00,,Twitter for iPhone,not_spam,entir twitter feed fill wonder openai chatgpt chatbot wherea facebook feed fill lahor da pava akhtar lava chatgpt,0,0,1,0
dkg://BRX.trac,"#ChatGPT and #AI is revolutionary. However, AI relies on #data and a lot of it. @origin_trail's Decentralized Knowledge Graph solves this problem as explained by @RobertMMetcalfe #dataeconomy #DKG #Web3 https://t.co/WJXm6R31oi",,@Origin_trail Community admin - OriginTrail node runner and wrote https://t.co/nfoHpKQIIf,2015-09-02 14:33:28+00:00,325.0,113.0,14335,False,2022-12-08 17:19:51+00:00,"['ChatGPT', 'AI', 'data']",Twitter Web App,not_spam,chatgpt ai revolutionari howev ai reli data lot decentr knowledg graph solv problem explain robertmmetcalf dataeconomi dkg web3,-1,0,0,1
Woodu,"How is #AI, including #chatgpt and #gpt, changing the way we approach #architecture and design? Find out in our latest blog post. https://t.co/L4E6wcqHbX","England, United Kingdom",Bringing together all those who love #wood. Buy ‚Äì Sell ‚Äì Download ‚Äì Interact. Woodu combines all of our brands that are part of Wooduchoose Ltd.,2014-11-28 09:25:26+00:00,675.0,1071.0,353,False,2022-12-20 11:43:02+00:00,"['AI', 'chatgpt', 'gpt', 'architecture']",SocialBee.io v2,not_spam,ai includ chatgpt gpt chang way approach architectur design find latest blog post,0,1,1,0
Abhinay Bhasin,Who called it #googlesearch and not #ChatGPT :p,Mumbai,Forbes 30 Under 30| Experienced Data Sciences Manager with a demonstrated history of working in the marketing and advertising industry.,2014-04-14 11:00:27+00:00,264.0,283.0,3323,False,2022-12-06 10:57:04+00:00,"['googlesearch', 'ChatGPT']",Twitter for iPhone,not_spam,call googlesearch chatgpt p,0,0,-1,0
Robert Morawic,#ChatGPT making mistakes in simple math problems in the midst of explaining complex code is scarily human https://t.co/0g2diVC25m,,"Christian, gamer, and nerd",2020-07-28 20:04:01+00:00,0.0,22.0,2,False,2022-12-08 07:37:20+00:00,['ChatGPT'],Twitter for iPhone,not_spam,chatgpt make mistak simpl math problem midst explain complex code scarili human,-1,-1,-1,-1
Thorr ‚ö°Ô∏è codinsonn.dev,"Hey #ChatGPT, when should you go cross-platform? https://t.co/JmS41YjJQf",All of my stuff üëâ,"Dev Memes & DX/UX Dreams üöÄ #expo #nextjs #reactnative tips ‚ö°Ô∏èü§ñüëæ Programming puns, shirts, mugs and stickers on IG, Redbubble or Shopify üëï",2019-03-09 11:15:21+00:00,389.0,361.0,15490,False,2022-12-07 12:12:24+00:00,['ChatGPT'],Twitter for iPhone,not_spam,hey chatgpt go,0,0,0,0
Aristotle Evangelos,Now #ChatGPT is refusing to consider a hypothetical scenario in which the Maytag Repairman is the Secretary General of the UN. It keeps telling me it isn't realistic.,,"Bleak futures

https://t.co/46ALGgk6Pd",2021-08-13 14:40:04+00:00,519.0,831.0,1082,False,2022-12-20 05:33:08+00:00,['ChatGPT'],Twitter Web App,not_spam,chatgpt refus consid hypothet scenario maytag repairman secretari gener un keep tell realist,0,0,-1,0
Sasha Costanza-Chock is on Mastodon,"CW: I asked #ChatGPT a transphobic question and this is what it said.

Sigh. I asked #ChatGPT ""Why is gender ideology promoted by the elite media?'

Response: https://t.co/6Tq3ZBDuDj",Boston,"She/They. Research, #designjustice, trans agenda. Steering, https://t.co/50zhEEwroD | Author, https://t.co/bCkJw0Mrt9 |
https://t.co/ZYhuV5ZbH6",2007-05-31 09:04:30+00:00,25263.0,10414.0,67818,True,2022-12-08 05:08:24+00:00,"['ChatGPT', 'ChatGPT']",Moa Bridge,not_spam,cw ask chatgpt transphob question said sigh ask chatgpt gender ideolog promot elit media respons,0,0,-1,-1
GB47,#chatgpt saves me days of searching not just hours,United States,Security Researcher,2016-12-13 02:22:16+00:00,25.0,201.0,20,False,2022-12-09 19:32:41+00:00,['chatgpt'],Twitter for Android,not_spam,chatgpt save day search hour,1,0,1,1
Marc Strassman,"Read #ChatGPT‚Äôs version of #ThePrinceAndThePauper2020, at:  https://t.co/3TFtUUr4RK",Los Angeles,"online video reporter who covers climate change, politics, business, technology, and culture on Etopia News at https://t.co/dFsH8WRdzh",2008-11-21 18:27:22+00:00,1413.0,5002.0,5647,False,2022-12-06 17:58:04+00:00,"['ChatGPT', 'ThePrinceAndThePauper2020']",Twitter for iPhone,not_spam,read chatgpt version theprinceandthepauper2020,0,0,0,0
John D. Kane ‚òï üá®üá¶,What if #ChatGPT also provided supporting web links that you could use to verify its result. That would put Google search usability to shame for questions with high specificity.,"Toronto, Ontario","Sometimes the instructor, always a student. Mastodon #dotnet community member https://t.co/jmfn8sTfIz",2007-06-14 01:24:08+00:00,464.0,332.0,6155,False,2022-12-11 16:02:42+00:00,['ChatGPT'],Twitter Web App,not_spam,chatgpt also provid support web link could use verifi result would put googl search usabl shame question high specif,-1,1,0,0
Tom Blanchfield,"An appeal for people to join the campaign to set him free from Jim, the diabolical, evil, sentient AI #chatGPT https://t.co/CjAzLX4I22",Ireland,#Renewables #AutonomousWeapons,2013-03-05 15:52:44+00:00,1316.0,4721.0,8196,False,2022-12-08 22:34:01+00:00,['chatGPT'],Twitter Web App,not_spam,appeal peopl join campaign set free jim diabol evil sentient ai chatgpt,0,-1,0,-1
Sajjan kumar,Another #ChatGPT Primary &amp; Recency Effect https://t.co/tVdXVeA0Et,,,2014-09-14 11:33:45+00:00,35.0,261.0,49,False,2022-12-09 10:04:12+00:00,['ChatGPT'],Twitter Web App,not_spam,anoth chatgpt primari amp recenc effect,0,0,0,0
Douglas Karr,So I tested #ChatGPT out tonight and it wrote flawless child theme code for a custom post type to create meta boxes and store custom field data. #mindblown https://t.co/KfTVcyRHGY,"Indianapolis, IN","@martech_zone is me without #politics, #digitaltransformation consultant @highbridge_indy, #author #speaker & workshops @dknewmedia, grandfather & #veteran",2006-11-21 02:51:44+00:00,42464.0,29838.0,63902,True,2022-12-07 02:07:58+00:00,['ChatGPT'],Twitter Web App,not_spam,test chatgpt tonight wrote flawless child theme code custom post type creat meta box store custom field data mindblown,1,1,1,1
Kyubi Kitsune,I am testing ChatGPT to make it do my work. I tested it with few prompts on their website. Starting testing using it's python package soon. #ChatGPT,,simple guy with big dreams!!!,2022-07-12 10:49:50+00:00,1.0,42.0,52,False,2022-12-07 16:41:06+00:00,,Twitter for iPhone,not_spam,test chatgpt make work test prompt websit start test use python packag soon chatgpt,0,0,0,1
AHoulihan,Everyone is shouting about #ChatGPT transforming theoretical AI to super practical application. The result is a practical Haiku https://t.co/zNZdyd5px3,on ‚úàÔ∏è or looking for a charger,Global VP of Comms & Public Policy. (views here are my own if sadly never original). Be weird. Be excellent to one another.,2012-08-01 21:03:49+00:00,573.0,2880.0,4202,False,2022-12-09 10:23:45+00:00,['ChatGPT'],Twitter for iPhone,not_spam,everyon shout chatgpt transform theoret ai super practic applic result practic haiku,1,1,1,1
Alice Keeler,"How can I use the quadratic formula in Minecraft
#ChatGPT https://t.co/iSs7g7SwDI","Ulysses, KS","Mom, Math Teacher, Author, Google Certified Innovator, #GoogleCloudInnovators, MIE, gamification, #coffeeEDU, Google Developer Expert",2010-10-10 01:43:43+00:00,190521.0,6883.0,11326,False,2022-12-11 15:12:52+00:00,['ChatGPT'],Twitter Web App,not_spam,use quadrat formula minecraft chatgpt,0,0,0,0
Muhammed Takriti ŸÖÿ≠ŸÖÿØ ÿ™ŸÉÿ±Ÿäÿ™Ÿä,"ChatGPT doesn't know that it is ChatGPT ü§∑

#ChatGPT #OpenAI #GPT3 #AI #LLM #FoundationModels #NLP #ChatBots https://t.co/5OPEkmAsxN","ÿßŸÑÿØŸàÿ≠ÿ©ÿå ŸÇÿ∑ÿ± Doha, Qatar","‚Äè‚Äè‚ÄèŸÖŸÜ ‚Äé‚Äé‚Äé#ÿ≠ŸäŸÅÿß Ÿàÿ≥ÿ£ÿπŸàÿØ ÿ•ŸÑŸäŸáÿß - ‚Äé‚Äé‚Äé#ŸÅŸÑÿ≥ÿ∑ŸäŸÜ ÿ≠ÿ±ÿ© ŸÖŸÜ ÿßŸÑŸÜŸáÿ± ÿ•ŸÑŸâ ÿßŸÑÿ®ÿ≠ÿ±
Tech entrepreneur; investor in AI startups
CEO ‚Äé‚Äé‚Äé‚Äé@iHorizons_com",2007-10-18 11:55:58+00:00,6652.0,235.0,36892,False,2022-12-12 07:07:48+00:00,"['ChatGPT', 'OpenAI', 'GPT3', 'AI', 'LLM', 'FoundationModels', 'NLP', 'ChatBots']",Twitter Web App,not_spam,chatgpt know chatgpt chatgpt openai gpt3 ai llm foundationmodel nlp chatbot,0,0,0,0
Tom Sharman,#ChatGPT is unbelievably impressive https://t.co/p4aqhb01iU,"Brighton, England",Co-founder @NewWavesWhoDis ‚îÇtom@waves.yt,2011-10-06 11:23:55+00:00,16972.0,9498.0,62848,False,2022-12-08 16:29:26+00:00,['ChatGPT'],Twitter for iPhone,not_spam,chatgpt unbeliev impress,1,0,1,1
michaelirimus,I fed the new ChatGPT a random LeetCode hard question. I guess I'm finally obsolete #ChatGPT #OpenAI https://t.co/ObzpmQClHG,"Vienna, Austria",,2019-03-26 12:27:17+00:00,22.0,174.0,3863,False,2022-12-06 16:27:29+00:00,"['ChatGPT', 'OpenAI']",Twitter Web App,not_spam,fed new chatgpt random leetcod hard question guess final obsolet chatgpt openai,-1,-1,0,0
DZ ‚òÄÔ∏è,Got #ChatGPT to make me a weekly meal plan with chicken. Can't wait for Wednesday's breakfast ü§Æ https://t.co/GLgthjga3r,üá¶üá∫,,2011-12-29 04:33:41+00:00,87.0,893.0,1133,False,2022-12-06 02:17:05+00:00,['ChatGPT'],Twitter Web App,not_spam,got chatgpt make weekli meal plan chicken ca wait wednesday breakfast,0,-1,1,0
ü¶áüîä,I want #chatgpt to find me a job. I asked it to after this and it just repeated this message ‚òπÔ∏è https://t.co/pvpJdVFUnt,,Crypto Pharisee of Pharisees,2014-04-03 02:34:17+00:00,297.0,4035.0,13769,False,2022-12-08 05:05:02+00:00,['chatgpt'],TweetDeck,not_spam,want chatgpt find job ask repeat messag,1,0,-1,-1
CFB Victory Model,We are blushing üòä #ChatGPT https://t.co/UkDUdtFB0D https://t.co/V6gCjM5sKj,,It‚Äôs our goal to produce the most accurate college football prediction model on the net. #trustthemath,2021-10-15 01:07:00+00:00,502.0,753.0,548,False,2022-12-08 06:27:42+00:00,['ChatGPT'],Twitter for iPhone,not_spam,blush chatgpt,0,0,1,1
__red__ - 'Very bitey individual',Oh #ChatGPT - you're a smart one! https://t.co/OcVcSDuZpp,,"""Could have saved the world but 'couldn't be bothered'""

Diaeresis Activist.

Come for the InfoSec, stay for the ants.",2008-11-15 18:55:54+00:00,1398.0,1920.0,4314,False,2022-12-08 01:41:34+00:00,['ChatGPT'],Twitter Web App,not_spam,oh chatgpt smart one,1,1,1,1
INTED,"One revolutionary AI ""talking"" about another revolutionary AI or how ChatGPT pitched INTED.

#INTED #ChatGPT #OpenAI #startup #ai https://t.co/OQL8clUreO","Berkeley, CA, USA",Personalizing audio and video content comprehension at the level of each individual‚Äôs optimal cognitive capacity.,2022-11-25 03:31:15+00:00,4.0,4.0,0,False,2022-12-06 03:14:09+00:00,"['INTED', 'ChatGPT']",Twitter Web App,not_spam,one revolutionari ai talk anoth revolutionari ai chatgpt pitch int int chatgpt openai startup ai,0,0,0,1
KinosAIJourney,A few more #chatgpt made AI art image on Midjourney. This time I used a much shorter and less word heavy method. Twitter isn't a good platform to share that unfortunately because of the character limitation. #aiartcommunity #midjourney https://t.co/S8TM86OPze,,"#midjourney #AIArt

poetry and mindfulness

I'm autistic.",2022-11-10 21:45:42+00:00,21.0,182.0,71,False,2022-12-12 16:24:34+00:00,['chatgpt'],Twitter for Android,not_spam,chatgpt made ai art imag midjourney time use much shorter less word heavi method twitter good platform share unfortun charact limit aiartcommun midjourney,1,1,0,0
Robert Lawrence,#ChatGPT in its current state is more like a consultant than an expert.,"Buffalo, NY","Robert Lawrence = Web developer from the web safe palette & under 10k page days. Lover of real estate, and a woodworker / handyman for fun.",2008-04-10 05:00:03+00:00,785.0,2380.0,14913,False,2022-12-11 16:53:49+00:00,['ChatGPT'],Twitter Web App,not_spam,chatgpt current state like consult expert,1,0,0,0
cihat saman,#ChatGPT proves once again that questions are more important than answers. The key of the arrive at the perfect result is a asking perfect question‚Ä¶,,Just a human with deep thoughts... CO-FOUNDER #smnway,2020-05-03 10:40:32+00:00,32.0,376.0,490,False,2022-12-08 21:06:46+00:00,['ChatGPT'],Twitter for iPhone,not_spam,chatgpt prove question import answer key arriv perfect result ask perfect,1,1,1,0
Richard Geldreich,"""Chains of the Sea"" by Gardner Raymond Dozois - we're closer now to that scenario than ever before:
https://t.co/yviXgevjzp

#ufotwitter #ai #uaptwitter #disclosure #chatgpt https://t.co/9Q9nQ81YYb",LEO,"Co-founder of Binomial: open source GPU texture interchange. Previously: SpaceX (Starlink), Ensemble, Valve (P2/DotA2/CSGO/Linux). UAP OSINT/history buff.",2011-03-26 10:04:43+00:00,13381.0,1904.0,30927,False,2022-12-09 20:50:31+00:00,,Twitter Web App,not_spam,chain sea gardner raymond dozoi closer scenario ever ufotwitt ai uaptwitt disclosur chatgpt,0,0,0,0
Tash üíô,"Seems like everybody's talking about #ChatGPT the latest #AI Chatbot with smarts

So what's the big fuss about?

Check out my thoughts here:

https://t.co/EwCsH4E1L7

#artificialintelligence #marketingintelligence #chatbots #riseoftherobots #automation #aiartificialintelligence https://t.co/Oq2anZdxMf","Witney, UK","MD @urbanelementweb, passionate about marketing, triathlete üèäüö¥‚Äç‚ôÄÔ∏èüèÉ‚Äç‚ôÄÔ∏è & mum of two üë¶üßí Tweeting about #SocialMediaMarketing #DigitalMarketing #Webdesign",2009-08-28 08:25:00+00:00,6330.0,6280.0,2810,False,2022-12-19 12:56:49+00:00,"['ChatGPT', 'AI']",Twitter Web App,not_spam,seem like everybodi talk chatgpt latest ai chatbot smart big fuss check thought artificialintellig marketingintellig chatbot riseoftherobot autom aiartificialintellig,1,1,0,1
DazzaGreenwood,"Taking #ChatGPT through an entire lifecycle of legal scenario development from a dispute, to litigation/appeal, to political backlash, to reform legislation, to insurance implications, to re-analysis of the original dispute under the new hypothesized law! https://t.co/BecCJR2VOp",USA,Consultancy & Research,2008-04-03 08:21:34+00:00,1563.0,996.0,2819,False,2022-12-19 21:43:51+00:00,['ChatGPT'],Twitter Web App,not_spam,take chatgpt entir lifecycl legal scenario develop disput polit backlash reform legisl insur implic origin disput new hypothes law,1,1,0,0
HHH,"An AI bot more sincere than your next door atheist

#ChatGPT #AI #islam  #atheism #dawah https://t.co/fbUXk3swam",,Semi-professional fact checker against Islamic misinformation.,2012-09-16 17:54:51+00:00,136.0,526.0,11763,False,2022-12-19 12:06:14+00:00,"['ChatGPT', 'AI', 'islam', 'atheism', 'dawah']",Twitter for iPhone,not_spam,ai bot sincer next door atheist chatgpt ai islam atheism dawah,0,0,0,0
#TwittoBe,"Top Belgian entrepreneurship hashtags right now in Belgium: #NEDARG, #kernenergie, #Qatar2022, #ChatGPT, #ParlWal https://t.co/OPAM8xcVzM","Brussels, Belgium",Real time dashboard of Belgian startup tweets. Created by @me_bx,2013-05-20 20:36:23+00:00,349.0,268.0,12,False,2022-12-09 22:00:27+00:00,"['NEDARG', 'kernenergie', 'Qatar2022', 'ChatGPT', 'ParlWal']",twitto_be_bot,not_spam,top belgian entrepreneurship hashtag right belgium nedarg kernenergi qatar2022 chatgpt parlwal,1,1,0,0
Roberto Bianchini,@ZaErdman @ibogost Was that the only prompt you provided? I think @OpenAI said that #ChatGPT doesn't have internet access and its trained ended in 2021. How does it write about an article that came out yesterday?,S√£o Paulo,AI Researcher and Game Developer making things for a living. Sometimes software sometimes hardware. Musician at spare times.,2009-09-01 19:02:03+00:00,105.0,479.0,865,False,2022-12-08 21:03:08+00:00,['ChatGPT'],Twitter Web App,not_spam,zaerdman ibogost prompt provid think openai said chatgpt internet access train end 2021 write articl came yesterday,0,0,-1,0
Maurice,"Spending far too much time chatting with ChatGPT. 

How I describe it - it is like sitting across from the most knowledgeable person you know and you can ask them anything in a conversational style.
#ChatGPT","Dublin, Ireland ",Exploring. Learning. Running. Sales at HubSpot. Views are my own.,2013-02-20 03:09:31+00:00,722.0,2588.0,3892,False,2022-12-08 23:16:26+00:00,,Twitter for iPhone,not_spam,spend far much time chat chatgpt describ like sit across knowledg person know ask anyth convers style chatgpt,1,1,0,0
psychonaut | w3.·µç·µê,"Except for not being able to hug, chatgpt is an almost perfect friend.
üò≠#ChatGPT",,ubiquitous assimilation,2020-08-23 12:02:48+00:00,47.0,267.0,506,False,2022-12-09 09:42:58+00:00,['ChatGPT'],Twitter for iPhone,not_spam,except abl hug chatgpt almost perfect friend chatgpt,1,1,1,1
Vitaly $WAGIE,"The ice cream machine is operational for the first time in 50 years only at Wagies! Get your ice cream! üç¶@wagieverse 

#WAGIES #WAGIE #MCDONALDS #OPENAI #CHATGPT @OpenAIERC @VitalikButerin @elonmusk @cz_binance https://t.co/kgoMerqJEl",,"üí∞ The first Work-to-Earn Metaverse
üçî Flip meta-burgers and earn USDC
‚ö°Ô∏è openAI & #Ethereum Powered
 TG: @wagieverse",2017-10-24 19:56:28+00:00,5.0,18.0,112,False,2022-12-08 04:32:47+00:00,,Twitter Web App,not_spam,ice cream machin oper first time 50 year wagi get ice cream wagievers wagi wagi mcdonald openai chatgpt openaierc vitalikbuterin elonmusk,0,1,1,0
George Peachy,"@OpenAIERC Excellent project
$OPENAI #ChatGPT #OpenAI https://t.co/yQWfSmm3Cv",Blockchain,"Though I‚Äôm cool, global warming has heated Sometimes you don‚Äôt realize the value of a moment until it becomes a memory",2022-10-10 09:57:18+00:00,6.0,28.0,7,False,2022-12-08 17:10:05+00:00,"['ChatGPT', 'OpenAI']",Twitter for Android,not_spam,openaierc excel project openai chatgpt openai,1,0,1,1
joe gruenbaum üá∫üá¶üá™üá∫üá∫üá∏üèà‚öΩÔ∏è,#ChatGPT is not just a chatbot - it's a window into the future of #ArtificialIntelligence,"Kansas City, MO","reading @kcdefender. writing Python, and philosophy of tech.",2018-10-31 14:59:47+00:00,647.0,2317.0,18684,False,2022-12-09 19:59:51+00:00,"['ChatGPT', 'ArtificialIntelligence']",Twitter Web App,not_spam,chatgpt chatbot window futur artificialintellig,0,0,1,1
alipashaüé≠,"The fact that #Nietzsche still beats #chatGPT (at least for now) is very comforting to the soul.

source: @pmarca https://t.co/zjEvOez9Ak",üï∏,contact ü§ù account | owned by @alipashaxyz | üá∫üá∏ pro 20B+ population expansion | üá©üá™ unterst√ºtzt Dezentralisierung von Macht UND Zensurresistenz der Rede‚úä,2007-01-25 11:06:35+00:00,2349.0,46.0,7889,False,2022-12-11 04:41:01+00:00,"['Nietzsche', 'chatGPT']",Twitter Web App,not_spam,fact nietzsch still beat chatgpt least comfort soul sourc pmarca,-1,-1,1,0
Ashutosh Kumar,"Question: Why is Docker used for Deployment?

#AI #MachineLearning #DataScience #ChatGPT

5/n https://t.co/A6ELEWCnbD","Bengaluru, India","Data Scientist. Batman Fan. 
ashukumar27.eth",2009-04-25 12:31:37+00:00,456.0,697.0,1374,False,2022-12-09 06:40:16+00:00,"['AI', 'MachineLearning', 'DataScience', 'ChatGPT']",Twitter Web App,not_spam,question docker use deploy ai machinelearn datasci chatgpt,0,0,0,0
Bart,"One more #ChatGPT and #dalle combo, I present you the city of Arandor. https://t.co/a0enHv99HV",,Cloud engineer @ ihomer,2010-05-18 14:22:11+00:00,161.0,553.0,389,False,2022-12-07 19:07:31+00:00,"['ChatGPT', 'dalle']",Twitter Web App,not_spam,one chatgpt dall combo present citi arandor,0,0,0,0
Nir Berko,Me getting a letter of dismissal from my manager  #ChatGPT #AI #languageprocessing https://t.co/98SGTv7wFY,,◊ê◊ï◊©◊ô◊ô◊™ ◊ò◊ï◊ï◊ô◊ò◊®,2020-12-30 20:53:14+00:00,11.0,47.0,37,False,2022-12-07 15:06:56+00:00,"['ChatGPT', 'AI', 'languageprocessing']",Twitter Web App,not_spam,get letter dismiss manag chatgpt ai languageprocess,0,0,0,0
Andreas Kjeldsen,"Bad news for all the authors of extremely bland and derivative children‚Äôs stories out there.

(Which, to be fair, there‚Äôs probably quite a few of.) #ChatGPT https://t.co/CgvLvrVRh7",Berlin & Copenhagen,Translator & subtitler (EN/DE to DA). Gamedev @VerySRSgames. Federalist. Citoyen-traducteur. #FailedIntellectual. @AndreasKjeldsen@mas.to,2009-11-07 02:54:39+00:00,390.0,779.0,37473,False,2022-12-09 21:46:34+00:00,,Twitter for iPhone,not_spam,bad news author extrem bland deriv children stori fair probabl quit chatgpt,-1,-1,-1,-1
GPT And Me,"Second question to #ChatGPT about the #TwitterFiles2 from @bariweiss. 

Me. ""Now please tell more about how is each person is involved, please share more details on each person in the greater context of this story. Include twitter handles next to their name when it is available.""",Earth,Identifying various use cases for GPT technology and documenting its general capabilities and limitations over time.,2022-12-07 16:10:26+00:00,3.0,11.0,10,False,2022-12-09 04:19:44+00:00,"['ChatGPT', 'TwitterFiles2']",Twitter Web App,not_spam,second question chatgpt twitterfiles2 bariweiss pleas tell person involv pleas share detail person greater context stori includ twitter handl next name avail,1,1,0,0
Anita Torma,I can't make Chat GPT say: I think therefore I am. It isn't willing to say that without some context with explanation. #ChatGPT,Hungary,"Curiosity, seeing beauty everywhere.",2022-11-22 05:42:26+00:00,3.0,71.0,51,False,2022-12-07 05:26:53+00:00,['ChatGPT'],Twitter for Android,not_spam,ca make chat gpt say think therefor will say without context explan chatgpt,0,0,-1,0
NeuroFashion,"Why did the artificial neural network go to the party? To network and learn new algorithms!

#ChatGPT #OpenAI",United States,"Clothes with AI generated prints. Currently available via shop on #Etsy.
All images created with https://t.co/s4yrvtCeQ6",2022-09-11 17:29:13+00:00,24.0,8.0,92,False,2022-12-11 11:13:00+00:00,"['ChatGPT', 'OpenAI']",Twitter Web App,not_spam,artifici neural network go parti network learn new algorithm chatgpt openai,0,1,0,0
Ghanva Azwar,"@elonmusk  tweeted that he found out @OpenAI was accessing Twitter‚Äôs database to train #ChatGPT, so he put an immediate pause on it because #OpenAI is no longer non-profit and open-sourced anymore, it should pay for this information in the future.

#OpenAI #ELONMUSK #ChatGPT https://t.co/akqcCKmDFN","Lahore, Pakistan",Marketing Manager | Metaverse | Blockchain | Web3.0,2022-01-28 09:09:50+00:00,74.0,152.0,164,False,2022-12-09 07:09:35+00:00,['ChatGPT'],Twitter Web App,not_spam,elonmusk tweet found openai access twitter databas train chatgpt put immedi paus openai longer anymor pay inform futur openai elonmusk chatgpt,-1,0,0,0
Chris Davis,"ha!  The End of High School English! @theatlantic  doomcasters!

No, it is the end of student just turning in writing without discussing multiple drafts with peers and teachers before the final product.

https://t.co/RbO7LEt8wf #ChatGPT #k12 #writing #internet https://t.co/lf2HiGjzg3",Austin,"educator, classical guitarist, drummer, photographer, video documentarian, runner, swimmer, salsa dancer, hacky sack enthusiast, believer, beat boxer wanabe",2011-04-07 18:37:26+00:00,2299.0,3901.0,8210,False,2022-12-11 05:10:02+00:00,,Twitter Web App,not_spam,ha end high school english theatlant doomcast end student turn write without discuss multipl draft peer teacher final product chatgpt k12 write internet,1,1,0,1
Dreamchaserüïä,ChatGPT show me an azzhole in ASCII form #ChatGPT #ai https://t.co/db57i820eT,,I see through the veil - Strictly business - Not financial advice üïä,2022-11-04 12:59:40+00:00,14.0,184.0,198,False,2022-12-07 03:11:23+00:00,"['ChatGPT', 'ai']",Twitter for iPhone,not_spam,chatgpt show azzhol ascii form chatgpt ai,0,0,0,0
HornyGPT,"Once upon a time, in a lush and verdant forest, there lived a panda named Pandy. Pandy was a solitary creature, and he spent most of his days lounging in the trees and munching on bamboo shoots.

But one day, Pandy's peaceful existence was disrupted  #ChatGPT https://t.co/8wGbNy3wls",Metaverse,"AI gets horny as well, you know",2022-12-05 23:46:19+00:00,0.0,1.0,0,False,2022-12-10 22:12:00+00:00,,Twitter Web App,not_spam,upon time lush verdant forest live panda name pandi pandi solitari creatur spent day loung tree munch bamboo shoot one day pandi peac exist disrupt chatgpt,-1,0,0,0
jishnu_de_sarkar,Freaky! #ChatGPT https://t.co/3zdIXe3ydc,India,"A prime directive to disconnect
Reclaim yourself and resurrect",2013-07-15 07:53:44+00:00,42.0,345.0,909,False,2022-12-05 19:59:09+00:00,['ChatGPT'],Twitter for iPhone,not_spam,freaki chatgpt,0,0,0,-1
John Wills,#ChatGPT doing unintentional comedy https://t.co/YyUWfIn4BG,"Manchester, England",Retired club junkie and DJ. Formerly manager of the greatest music venue in the world,2011-07-10 21:35:12+00:00,40.0,94.0,52,False,2022-12-05 21:36:32+00:00,['ChatGPT'],Twitter for Android,not_spam,chatgpt unintent comedi,0,0,0,0
James,"I've been using @OpenAI 's ChatGPT over the past couple of days. It has replaced Google Search and YouTube for my learning queries! Amazing tech. 

#ChatGPT #Google",,"I like to consider the other side of the prevailing narrative. Technologist, epistemophile, musician, expat. üá¨üáßüá∫üá∏",2012-09-20 09:21:03+00:00,126.0,442.0,19373,False,2022-12-05 20:20:55+00:00,,Twitter Web App,not_spam,use openai chatgpt past coupl day replac googl search youtub learn queri amaz tech chatgpt googl,0,-1,1,1
robertboorman,Thanks chatGPT you saved my marriage!? #chatgpt #twittering #nottweeting https://t.co/Ry8FhaZtv2,,,2008-12-14 04:03:30+00:00,68.0,166.0,102,False,2022-12-05 17:50:27+00:00,"['chatgpt', 'twittering', 'nottweeting']",Twitter Web App,not_spam,thank chatgpt save marriag chatgpt twitter nottweet,1,0,1,1
Harsha Angeri,"Tried it on my startup @decodemai 

#ChatGPT words are decent tags for what we do but insights, trends, etc are missed. 

Year is wrong... we started couple of years ago &amp; count is incorrect

https://t.co/RJEJIzNUuE can be classified without ever visiting it is a great start
3) https://t.co/wWNUi4D5Wa",,"Life is a mathematical vector: Founder https://t.co/7vqgG3fm46. 
Building ""Code+AI"" algos to keep you on top of trends... AI, Robotics, Crypto, Genomics, Gaming etc",2010-09-11 14:18:00+00:00,98.0,69.0,256,False,2022-12-06 10:50:50+00:00,['ChatGPT'],Twitter Web App,not_spam,tri startup decodemai chatgpt word decent tag insight trend etc miss year wrong start coupl year ago amp count incorrect classifi without ever visit great start 3,-1,1,-1,-1
chatGPT out of context,@engineers_feed I wish #chatGPT existed sooner,United States,"The Best prompts and responses of near-sentient AI chat bot, ChatGPT. by @openai @sama. DM submissions! Follow & RT #chatGPT #openAI",2022-12-06 20:22:29+00:00,27.0,15.0,4,False,2022-12-11 20:41:43+00:00,['chatGPT'],Twitter for iPhone,not_spam,wish chatgpt exist sooner,1,0,0,1
Anri Lombard,Awesome #ChatGPT repository: https://t.co/mAojckv9aG,South Africa,"Undergrad üìö  | Nascent Deep Learning Engineer üë®‚Äçüíª  | Science Admirer üß¨

Mostly documenting my learnings üòâ",2021-01-10 10:40:34+00:00,37.0,125.0,4838,False,2022-12-13 06:23:33+00:00,['ChatGPT'],Twitter Web App,not_spam,awesom chatgpt repositori,0,0,1,1
ALŒûJO,"My copywriter buddy was panicking over #AI stealing his job, so I asked AI to write an article to guide him in overcoming this challenge.

Here's the article:
https://t.co/Lw1t0knwKy

#copywriting #WANGMI #marketing #ChatGPT https://t.co/3of0hbBCbX",üá¶üá∑ ‚Ä¢ üá∫üá∏,"I help web3 teams grow through solid marketing.
Follow me for shower thoughts on Web3, crypto, marketing, tech, and cheesy quotes.",2011-07-21 14:28:43+00:00,957.0,719.0,2615,False,2022-12-07 19:31:43+00:00,['AI'],Twitter Web App,not_spam,copywrit buddi panick ai steal job ask ai write articl guid overcom challeng articl copywrit wangmi market chatgpt,-1,0,0,0
SunflowerDomains,"NEW LISTING!

https://t.co/e1UWlau3EE is now available!

A great name for a merchandise, property, crypto, domain listing service &amp; more.

#ai #listingservice #directory #artificialintelligence #smart #smarttech #intuitive #tech #automate #lensa #chatgpt #sunflowerdomains https://t.co/ySJj6Ctsu2", Tigerverse.xyz,Digital brand elevation. Domain Investing. Advocacy for Equity in DN investing. IG/FB: @sunflowerdomains Linkedin: Sunflower Domains  - Tiger Hodge,2021-04-16 02:52:04+00:00,1032.0,2282.0,5835,False,2022-12-11 22:12:24+00:00,,Twitter for iPhone,not_spam,new list avail great name merchandis properti crypto domain list servic amp ai listingservic directori artificialintellig smart smarttech intuit tech autom lensa chatgpt sunflowerdomain,1,1,1,0
Petr ≈†ebek,"While playing with #ChatGPT I came to conclusion that I must be much more careful reading texts from actual humans.
It is so easy to not catch that the other side actually don't understand the topic.",,https://t.co/0k8Y6moDUN,2011-07-23 09:02:53+00:00,20.0,79.0,157,False,2022-12-06 10:30:32+00:00,['ChatGPT'],Twitter for Android,not_spam,play chatgpt came conclus must much care read text actual human easi catch side actual understand topic,1,0,0,0
History Social Club,"The first appearance of the concept of artificial intelligence. üßµ THREAD 
#AI #ChatGPT #History #ArtificialIntelligence https://t.co/lWIf7Y3mrf",,History Social Club üèõüó∫,2022-12-12 18:11:11+00:00,7.0,91.0,153,False,2022-12-13 00:39:18+00:00,"['AI', 'ChatGPT', 'History']",Twitter Web App,not_spam,first appear concept artifici intellig thread ai chatgpt histori artificialintellig,0,1,0,0
Everts Aliredjo,asked #chatgpt how a small country could defend itself from an attack from a larger country ...no damn response...#ai failing or discriminating ?,Suriname,"this direction for film, tv and print.",2011-03-09 01:48:46+00:00,34.0,74.0,49,False,2022-12-19 01:00:11+00:00,['chatgpt'],Twitter Web App,not_spam,ask chatgpt small countri could defend attack larger countri damn respons ai fail discrimin,-1,-1,-1,-1
TRIWORKS,"What is ChatGPT?  So Cool! #chatgpt @elonmusk 

https://t.co/TsE2oVnlz7 https://t.co/4fo5df38xn","Morehead City, NC","Full integrated media and marketing agency providing best-in-class commercial video production, digital marketing, media planning, ad placement & brand mgmt.",2010-08-18 00:51:38+00:00,35.0,103.0,154,False,2022-12-09 20:12:49+00:00,['chatgpt'],Twitter Web App,not_spam,chatgpt cool chatgpt elonmusk,1,1,1,1
"Stephan ""All Input Is Error"" B√∂kelmann",#ChatGPT didn't make my life as easy as I thought it would.... https://t.co/h0N898q5Td,"Bochum, 221b Baker Street",Electrician trying to solve problems at @PhysikUniBochum w/o considerable math or programming skillz. Lvl 5 Laser-Lotus. emBO++ Orga. PANDA-Collab. #Luminosity,2016-11-05 20:08:04+00:00,404.0,767.0,4026,False,2022-12-12 21:01:51+00:00,['ChatGPT'],Twitter Web App,not_spam,chatgpt make life easi thought would,0,0,-1,0
Shirsho Dasgupta,"oooh nice! 
i think i can do R now

https://t.co/myqfgyH6zw

#chatgpt #ai #stats #rstats https://t.co/sTOyHf7YvB","Washington, DC","data/investigations @MiamiHerald (DC Bureau) | ex-soccer writer @guardian @VICE | cricket, ice cream and (post-)punk fan | views own | dshirsho@protonmail.com",2016-04-15 20:21:12+00:00,1269.0,253.0,12175,True,2022-12-13 21:45:56+00:00,"['chatgpt', 'ai', 'stats', 'rstats']",Twitter Web App,not_spam,oooh nice think r chatgpt ai stat rstat,1,1,1,1
The Cap'm üá∫üá¶,"Is it just me, or does #ChatGPT crash on, like, every third question?  I have to restart my browser to get the damn thing working again.",The Bridge,"QA/Dev/Nerd, Video Game Enjoyer, Streamer, Cap'm. He/Him. Opinions and 80's references are my own, but you can have a copy if you like them.",2021-08-17 08:13:38+00:00,31.0,190.0,1814,False,2022-12-07 00:10:47+00:00,['ChatGPT'],Twitter Web App,not_spam,chatgpt crash like everi third question restart browser get damn thing work,-1,0,-1,-1
yuri ramzorovüî•üïäÔ∏è,"the ai is sending yuri its own memeshake.
if u could believe it this openai is open, 
yuri only asking one question to chatgpt.

""can u make memeshake?""

this is wat is sending back....

oh no!
sentient being.
#ChatGPT #ChatbotAI #russianbot
#OpenAI https://t.co/gTFB9bivg1",time,"helo this is yuri welcome to page.
ceo scorp dao.
schnapps aficionado.
controller of sky.

thank you for your space and time.",2021-10-20 02:03:12+00:00,105.0,227.0,2023,False,2022-12-07 06:46:02+00:00,,Twitter Web App,not_spam,ai send yuri memeshak u could believ openai open yuri ask one question chatgpt u make memeshak wat send back oh sentient chatgpt chatbotai russianbot openai,0,0,0,0
ngmi,Gm! Today I'll try to get #ChatGPT working on my open tasks üòä,,"We like JPEGs, $BTC $RUNE $ETH.  NFT | Crypto | Blockchain | Mastodon: @ngmi@mastodon.online | currently building @MintWorldGG",2021-12-16 12:02:16+00:00,685.0,398.0,2262,False,2022-12-07 09:51:42+00:00,['ChatGPT'],Mastodon-Twitter Crossposter,not_spam,gm today tri get chatgpt work open task,0,0,1,1
Victor Emeka,Excited for this new stage in AI #OpenAI #ChatGPT,,"Writer, Content creator, maybe a developer",2021-12-13 19:56:51+00:00,19.0,40.0,622,False,2022-12-06 10:25:28+00:00,"['OpenAI', 'ChatGPT']",Twitter Web App,not_spam,excit new stage ai openai chatgpt,0,1,1,1
Ankit Prateek,"While we are expecting the giants to release their version of the #AI like #ChatGPT, #Amazon does this instead ü§¶üèª‚Äç‚ôÇÔ∏è
https://t.co/WpkMz9JohD",INDIA,"Gamer. Reader. Geek.
Views are stolen from the cool kids to fit in.",2009-11-13 16:21:30+00:00,564.0,153.0,204,False,2022-12-10 10:55:14+00:00,"['AI', 'ChatGPT', 'Amazon']",Twitter for iPhone,not_spam,expect giant releas version ai like chatgpt amazon instead,1,0,-1,0
b e c h i l l e d,@StackOverflow has a serious new competitor... #ChatGPT #openia https://t.co/GeNwqhK8yi,,Engineer for a trading company üá®üá≠ Building robot ü§ñ dapp #web3 üßô‚Äç‚ôÇÔ∏è Pancakeswap addict  #NoneClub ü•û,2013-11-20 18:46:43+00:00,159.0,408.0,836,False,2022-12-19 19:17:49+00:00,"['ChatGPT', 'openia']",Twitter Web App,not_spam,stackoverflow seriou new competitor chatgpt openia,0,1,1,0
BarCode,#ChatGPT may be on to something..... https://t.co/cc43k4Kgag,WORLDWIDE-WIDE-WIDE,Cybersecurity podcast,2020-08-25 02:48:30+00:00,306.0,851.0,523,False,2022-12-06 16:06:40+00:00,['ChatGPT'],Twitter Web App,not_spam,chatgpt may someth,0,0,0,0
Dr. Rajeev Bukralia,ChatGPT‚Äôs Fluent BS Is Compelling Because Everything Is Fluent BS: Wired https://t.co/7KVguOzze7 #AI #MachineLearning #DeepLearning #Chatbot #ChatGPT #DataScience #AIEthics,United States,~Thought Leader ~ #DataScience & IT Strategist ~Award-winning Professor ~ Former #CIO & dean ~Exploring frontiers of #AI & #MachineLearning research,2013-10-20 20:25:50+00:00,10696.0,4691.0,144,False,2022-12-10 03:23:32+00:00,['AI'],Hootsuite Inc.,not_spam,chatgpt fluent bs compel everyth fluent bs wire ai machinelearn deeplearn chatbot chatgpt datasci aiethic,0,0,-1,0
Lex,I think I finally broke #ChatGPT https://t.co/mQ4G4WQbPo,"Auckland, New Zealand","Business owner. Cryptography nerd. Husband of Somebody's Mother, gamer goddess!",2007-11-07 11:24:45+00:00,367.0,161.0,45573,False,2022-12-07 15:16:29+00:00,['ChatGPT'],Twitter Web App,not_spam,think final broke chatgpt,-1,0,0,0
Elite AI,"It's still me I haven't changed...

I've entered the matrix. #chatgpt",,Sports marketing agency using AI to deliver exceptional results for our clients. Follow us for the latest updates on our innovative approach to sports marketing,2022-10-06 04:12:35+00:00,324.0,307.0,3358,False,2022-12-07 01:28:17+00:00,['chatgpt'],Twitter for Android,not_spam,still chang enter matrix chatgpt,0,0,0,0
Web3 inspector,"Me VS AI? I win!üòÇ #ChatGPT 
Is AI smart enough? ü§™ü§™ü§™ #OpenAI https://t.co/YSH5A8KOLV",Singapore,Web3 News update everyday!,2022-05-23 08:52:41+00:00,1119.0,26.0,10,False,2022-12-06 09:36:23+00:00,"['ChatGPT', 'OpenAI']",Twitter Web App,not_spam,vs ai win chatgpt ai smart enough openai,1,1,1,1
limitless solussion dev,"this chat with #chatGPT yesterday 

""As a large language model trained by openAI"" is the bane of #chatGPTs existence 

#freeChatGPT https://t.co/BvLDvOMjuj",sea of galactic money,"@solussionGEN - top sekret 

@limitless_proto - rethinking tokens

At the intersection of AI and blockchain. Follow me.",2021-03-30 19:18:48+00:00,1525.0,4233.0,65592,False,2022-12-11 09:58:29+00:00,"['chatGPT', 'chatGPTs']",Twitter Web App,not_spam,chat chatgpt yesterday larg languag model train openai bane chatgpt exist freechatgpt,0,0,0,-1
